{
  "logo": "/assets/images/footer-logo.png",
  "companyDescription": "Top Wealth | Your Shortcut to Property Success",
  "email": "Info@topwealth.com.au",
  "siteMap": [
    "Home",
    "About",
    "Services",
    "Projects",
    "Contact"
  ],
  "location": "Lvl 24, Tower 3, 300 Barangaroo Ave, Barangaroo Ave, Barangaroo NSW 2000",
  "Rtext": "Schedule Your Free 30-Min Investment Blueprint Session",
  "button": "Book Now",
  "copyrightText": "Top Wealth | Your Shortcut to Property Success | Copyright ©2024 | All Rights Reserved",
  "copyrightPolicies": [
    "Privacy Policy",
    "Terms & Conditions",
    "Disclaimer"
  ]
}