{
  "title": "Outcomes",
  "subTitle": "What Outcomes Our Clients Achieved",
  "outcomeList": [
    {
      "OutImage": "/assets/images/out1.jpg",
      "location": "QLD",
      "type": "Knockdown Rebuild",
      "boughtAt": "$1,170,000",
      "nowAt": "$2,950,000"
    },
    {
      "OutImage": "/assets/images/out2.jpg",
      "location": "VIC",
      "type": "Subdivided Duplex",
      "boughtAt": "$730,000",
      "nowAt": "$2,360,000"
    },
    {
      "OutImage": "/assets/images/out3.jpg",
      "location": "NSW",
      "type": "Storey Addition",
      "boughtAt": "$1,580,000",
      "nowAt": "$2,810,000"
    },
    {
      "OutImage": "/assets/images/out4.jpg",
      "location": "NSW",
      "type": "Renovation",
      "boughtAt": "$1,920,000",
      "nowAt": "$3,730,000"
    }
  ]
}